Rank,Name,Median_score,Cooperation_rating,Wins,Initial_C_rate,CC_rate,CD_rate,DC_rate,DD_rate,CC_to_C_rate,CD_to_C_rate,DC_to_C_rate,DD_to_C_rate
0,Grudger,2.592,0.6031,1.0,1.0,0.6011,0.002,0.0983,0.2986,1.0,0,0,0
1,FSM Player,2.511,0.6565,1.0,1.0,0.629,0.027500000000000004,0.0703,0.2732,1.0,0,0.36714285714285716,0
2,Tit For Tat,2.4465000000000003,0.7014,0.0,1.0,0.6527000000000001,0.0487,0.0474,0.2512,1.0,0,1.0,0
3,Defector,2.1979999999999995,0.0,5.0,0.0,0.0,0.0,0.29969999999999997,0.7003,0,0,0,0
4,Cooperator,2.0955000000000004,1.0,0.0,1.0,0.6999,0.3001,0.0,0.0,1.0,1.0,0,0
5,Random,1.7485,0.4954,1.0,0.54,0.1827,0.3127,0.17529999999999996,0.32930000000000004,0.4958882210352126,0.49773410307914134,0.49499434081535765,0.48771068907121007
